{
  "interactionModel": {
    "languageModel": {
      "invocationName": "covid qa",
      "intents": [
        {
          "name": "AMAZON.CancelIntent",
          "samples": []
        },
        {
          "name": "AMAZON.HelpIntent",
          "samples": []
        },
        {
          "name": "AMAZON.StopIntent",
          "samples": []
        },
        {
          "name": "QuestionIntent",
          "slots": [
            {
              "name": "question",
              "type": "AMAZON.SearchQuery"
            }
          ],
          "samples": [
            " {question} ",
            "ask {question}"
          ]
        },
        {
          "name": "AMAZON.NavigateHomeIntent",
          "samples": []
        }
      ],
      "types": []
    }
  },
  "version": "8"
}